<Anims>
 <anim name="idle" root="sooty" numframes="1000" framerate="40">
  <frame idx="0" w="105" h="344" x="-38.102585" y="-49.281364">
   <element name="sooty" layername="ground_sooty" frame="0" z_index="1" m_a="0.225595" m_b="0.406796" m_c="-0.467869" m_d="0.259464" m_tx="100.974915" m_ty="-124.112251"/>
  </frame>
  <frame idx="25" w="105" h="344" x="-38.102585" y="-49.281364">
   <element name="sooty" layername="ground_sooty" frame="0" z_index="1" m_a="0.225595" m_b="0.406796" m_c="-0.467869" m_d="0.259464" m_tx="100.974915" m_ty="-124.112251"/>
  </frame>
  <frame idx="50" w="105" h="344" x="-38.102585" y="-49.281364">
   <element name="sooty" layername="ground_sooty" frame="0" z_index="1" m_a="0.225595" m_b="0.406796" m_c="-0.467869" m_d="0.259464" m_tx="100.974915" m_ty="-124.112251"/>
  </frame>
  <frame idx="75" w="105" h="344" x="-38.102585" y="-49.281364">
   <element name="sooty" layername="ground_sooty" frame="0" z_index="1" m_a="0.225595" m_b="0.406796" m_c="-0.467869" m_d="0.259464" m_tx="100.974915" m_ty="-124.112251"/>
  </frame>
  <frame idx="100" w="105" h="344" x="-38.102585" y="-49.281364">
   <element name="sooty" layername="ground_sooty" frame="0" z_index="1" m_a="0.225595" m_b="0.406796" m_c="-0.467869" m_d="0.259464" m_tx="100.974915" m_ty="-124.112251"/>
  </frame>
  <frame idx="125" w="105" h="344" x="-38.102585" y="-49.281364">
   <element name="sooty" layername="ground_sooty" frame="0" z_index="1" m_a="0.225595" m_b="0.406796" m_c="-0.467869" m_d="0.259464" m_tx="100.974915" m_ty="-124.112251"/>
  </frame>
  <frame idx="150" w="105" h="344" x="-38.102585" y="-49.281364">
   <element name="sooty" layername="ground_sooty" frame="0" z_index="1" m_a="0.225595" m_b="0.406796" m_c="-0.467869" m_d="0.259464" m_tx="100.974915" m_ty="-124.112251"/>
  </frame>
  <frame idx="175" w="105" h="344" x="-38.102585" y="-49.281364">
   <element name="sooty" layername="ground_sooty" frame="0" z_index="1" m_a="0.225595" m_b="0.406796" m_c="-0.467869" m_d="0.259464" m_tx="100.974915" m_ty="-124.112251"/>
  </frame>
  <frame idx="200" w="105" h="344" x="-38.102585" y="-49.281364">
   <element name="sooty" layername="ground_sooty" frame="0" z_index="1" m_a="0.225595" m_b="0.406796" m_c="-0.467869" m_d="0.259464" m_tx="100.974915" m_ty="-124.112251"/>
  </frame>
  <frame idx="225" w="105" h="344" x="-38.102585" y="-49.281364">
   <element name="sooty" layername="ground_sooty" frame="0" z_index="1" m_a="0.225595" m_b="0.406796" m_c="-0.467869" m_d="0.259464" m_tx="100.974915" m_ty="-124.112251"/>
  </frame>
  <frame idx="250" w="105" h="344" x="-38.102585" y="-49.281364">
   <element name="sooty" layername="ground_sooty" frame="0" z_index="1" m_a="0.225595" m_b="0.406796" m_c="-0.467869" m_d="0.259464" m_tx="100.974915" m_ty="-124.112251"/>
  </frame>
  <frame idx="275" w="105" h="344" x="-38.102585" y="-49.281364">
   <element name="sooty" layername="ground_sooty" frame="0" z_index="1" m_a="0.225595" m_b="0.406796" m_c="-0.467869" m_d="0.259464" m_tx="100.974915" m_ty="-124.112251"/>
  </frame>
  <frame idx="300" w="105" h="344" x="-38.102585" y="-49.281364">
   <element name="sooty" layername="ground_sooty" frame="0" z_index="1" m_a="0.225595" m_b="0.406796" m_c="-0.467869" m_d="0.259464" m_tx="100.974915" m_ty="-124.112251"/>
  </frame>
  <frame idx="325" w="105" h="344" x="-38.102585" y="-49.281364">
   <element name="sooty" layername="ground_sooty" frame="0" z_index="1" m_a="0.225595" m_b="0.406796" m_c="-0.467869" m_d="0.259464" m_tx="100.974915" m_ty="-124.112251"/>
  </frame>
  <frame idx="350" w="105" h="344" x="-38.102585" y="-49.281364">
   <element name="sooty" layername="ground_sooty" frame="0" z_index="1" m_a="0.225595" m_b="0.406796" m_c="-0.467869" m_d="0.259464" m_tx="100.974915" m_ty="-124.112251"/>
  </frame>
  <frame idx="375" w="105" h="344" x="-38.102585" y="-49.281364">
   <element name="sooty" layername="ground_sooty" frame="0" z_index="1" m_a="0.225595" m_b="0.406796" m_c="-0.467869" m_d="0.259464" m_tx="100.974915" m_ty="-124.112251"/>
  </frame>
  <frame idx="400" w="105" h="344" x="-38.102585" y="-49.281364">
   <element name="sooty" layername="ground_sooty" frame="0" z_index="1" m_a="0.225595" m_b="0.406796" m_c="-0.467869" m_d="0.259464" m_tx="100.974915" m_ty="-124.112251"/>
  </frame>
  <frame idx="425" w="105" h="344" x="-38.102585" y="-49.281364">
   <element name="sooty" layername="ground_sooty" frame="0" z_index="1" m_a="0.225595" m_b="0.406796" m_c="-0.467869" m_d="0.259464" m_tx="100.974915" m_ty="-124.112251"/>
  </frame>
  <frame idx="450" w="105" h="344" x="-38.102585" y="-49.281364">
   <element name="sooty" layername="ground_sooty" frame="0" z_index="1" m_a="0.225595" m_b="0.406796" m_c="-0.467869" m_d="0.259464" m_tx="100.974915" m_ty="-124.112251"/>
  </frame>
  <frame idx="475" w="105" h="344" x="-38.102585" y="-49.281364">
   <element name="sooty" layername="ground_sooty" frame="0" z_index="1" m_a="0.225595" m_b="0.406796" m_c="-0.467869" m_d="0.259464" m_tx="100.974915" m_ty="-124.112251"/>
  </frame>
  <frame idx="500" w="105" h="344" x="-38.102585" y="-49.281364">
   <element name="sooty" layername="ground_sooty" frame="0" z_index="1" m_a="0.225595" m_b="0.406796" m_c="-0.467869" m_d="0.259464" m_tx="100.974915" m_ty="-124.112251"/>
  </frame>
  <frame idx="525" w="105" h="344" x="-38.102585" y="-49.281364">
   <element name="sooty" layername="ground_sooty" frame="0" z_index="1" m_a="0.225595" m_b="0.406796" m_c="-0.467869" m_d="0.259464" m_tx="100.974915" m_ty="-124.112251"/>
  </frame>
  <frame idx="550" w="105" h="344" x="-38.102585" y="-49.281364">
   <element name="sooty" layername="ground_sooty" frame="0" z_index="1" m_a="0.225595" m_b="0.406796" m_c="-0.467869" m_d="0.259464" m_tx="100.974915" m_ty="-124.112251"/>
  </frame>
  <frame idx="575" w="105" h="344" x="-38.102585" y="-49.281364">
   <element name="sooty" layername="ground_sooty" frame="0" z_index="1" m_a="0.225595" m_b="0.406796" m_c="-0.467869" m_d="0.259464" m_tx="100.974915" m_ty="-124.112251"/>
  </frame>
  <frame idx="600" w="105" h="344" x="-38.102585" y="-49.281364">
   <element name="sooty" layername="ground_sooty" frame="0" z_index="1" m_a="0.225595" m_b="0.406796" m_c="-0.467869" m_d="0.259464" m_tx="100.974915" m_ty="-124.112251"/>
  </frame>
  <frame idx="625" w="105" h="344" x="-38.102585" y="-49.281364">
   <element name="sooty" layername="ground_sooty" frame="0" z_index="1" m_a="0.225595" m_b="0.406796" m_c="-0.467869" m_d="0.259464" m_tx="100.974915" m_ty="-124.112251"/>
  </frame>
  <frame idx="650" w="105" h="344" x="-38.102585" y="-49.281364">
   <element name="sooty" layername="ground_sooty" frame="0" z_index="1" m_a="0.225595" m_b="0.406796" m_c="-0.467869" m_d="0.259464" m_tx="100.974915" m_ty="-124.112251"/>
  </frame>
  <frame idx="675" w="105" h="344" x="-38.102585" y="-49.281364">
   <element name="sooty" layername="ground_sooty" frame="0" z_index="1" m_a="0.225595" m_b="0.406796" m_c="-0.467869" m_d="0.259464" m_tx="100.974915" m_ty="-124.112251"/>
  </frame>
  <frame idx="700" w="105" h="344" x="-38.102585" y="-49.281364">
   <element name="sooty" layername="ground_sooty" frame="0" z_index="1" m_a="0.225595" m_b="0.406796" m_c="-0.467869" m_d="0.259464" m_tx="100.974915" m_ty="-124.112251"/>
  </frame>
  <frame idx="725" w="105" h="344" x="-38.102585" y="-49.281364">
   <element name="sooty" layername="ground_sooty" frame="0" z_index="1" m_a="0.225595" m_b="0.406796" m_c="-0.467869" m_d="0.259464" m_tx="100.974915" m_ty="-124.112251"/>
  </frame>
  <frame idx="750" w="105" h="344" x="-38.102585" y="-49.281364">
   <element name="sooty" layername="ground_sooty" frame="0" z_index="1" m_a="0.225595" m_b="0.406796" m_c="-0.467869" m_d="0.259464" m_tx="100.974915" m_ty="-124.112251"/>
  </frame>
  <frame idx="775" w="105" h="344" x="-38.102585" y="-49.281364">
   <element name="sooty" layername="ground_sooty" frame="0" z_index="1" m_a="0.225595" m_b="0.406796" m_c="-0.467869" m_d="0.259464" m_tx="100.974915" m_ty="-124.112251"/>
  </frame>
  <frame idx="800" w="105" h="344" x="-38.102585" y="-49.281364">
   <element name="sooty" layername="ground_sooty" frame="0" z_index="1" m_a="0.225595" m_b="0.406796" m_c="-0.467869" m_d="0.259464" m_tx="100.974915" m_ty="-124.112251"/>
  </frame>
  <frame idx="825" w="105" h="344" x="-38.102585" y="-49.281364">
   <element name="sooty" layername="ground_sooty" frame="0" z_index="1" m_a="0.225595" m_b="0.406796" m_c="-0.467869" m_d="0.259464" m_tx="100.974915" m_ty="-124.112251"/>
  </frame>
  <frame idx="850" w="105" h="344" x="-38.102585" y="-49.281364">
   <element name="sooty" layername="ground_sooty" frame="0" z_index="1" m_a="0.225595" m_b="0.406796" m_c="-0.467869" m_d="0.259464" m_tx="100.974915" m_ty="-124.112251"/>
  </frame>
  <frame idx="875" w="105" h="344" x="-38.102585" y="-49.281364">
   <element name="sooty" layername="ground_sooty" frame="0" z_index="1" m_a="0.225595" m_b="0.406796" m_c="-0.467869" m_d="0.259464" m_tx="100.974915" m_ty="-124.112251"/>
  </frame>
  <frame idx="900" w="105" h="344" x="-38.102585" y="-49.281364">
   <element name="sooty" layername="ground_sooty" frame="0" z_index="1" m_a="0.225595" m_b="0.406796" m_c="-0.467869" m_d="0.259464" m_tx="100.974915" m_ty="-124.112251"/>
  </frame>
  <frame idx="925" w="105" h="344" x="-38.102585" y="-49.281364">
   <element name="sooty" layername="ground_sooty" frame="0" z_index="1" m_a="0.225595" m_b="0.406796" m_c="-0.467869" m_d="0.259464" m_tx="100.974915" m_ty="-124.112251"/>
  </frame>
  <frame idx="950" w="105" h="344" x="-38.102585" y="-49.281364">
   <element name="sooty" layername="ground_sooty" frame="0" z_index="1" m_a="0.225595" m_b="0.406796" m_c="-0.467869" m_d="0.259464" m_tx="100.974915" m_ty="-124.112251"/>
  </frame>
  <frame idx="975" w="105" h="344" x="-38.102585" y="-49.281364">
   <element name="sooty" layername="ground_sooty" frame="0" z_index="1" m_a="0.225595" m_b="0.406796" m_c="-0.467869" m_d="0.259464" m_tx="100.974915" m_ty="-124.112251"/>
  </frame>
 </anim>
</Anims>
